fixed acidity;volatile acidity;citric acid;residual sugar;chlorides;free sulfur dioxide;total sulfur dioxide;density;pH;sulphates;alcohol;quality
6.3;0.41;0.18;3.5;0.027;23;109;0.99018;3.34;0.54;12.8;2
6.8;0.37;0.28;1.9;0.024;64;106;0.98993;3.45;0.6;12.6;2
7.7;0.4;0.27;4.5;0.034;27;95;0.99175;3.21;0.59;12.3;2
6.9;0.15;0.28;4.4;0.029;14;107;0.99347;3.24;0.46;10.4;2
6.9;0.15;0.28;4.4;0.029;14;107;0.99347;3.24;0.46;10.4;2
6.8;0.46;0.26;2.7;0.042;28;83;0.99114;3.38;0.51;12;2
7;0.28;0.26;1.7;0.042;34;130;0.9925;3.43;0.5;10.7;2
7.3;0.17;0.24;8.1;0.121;32;162;0.99508;3.17;0.38;10.4;2
7.3;0.17;0.24;8.1;0.121;32;162;0.99508;3.17;0.38;10.4;2
8;0.13;0.25;1.1;0.033;15;86;0.99044;2.98;0.39;11.2;2
5.8;0.17;0.34;1.8;0.045;96;170;0.99035;3.38;0.9;11.8;2
5.8;0.17;0.34;1.8;0.045;96;170;0.99035;3.38;0.9;11.8;2
5.8;0.315;0.27;1.55;0.026;15;70;0.98994;3.37;0.4;11.9;2
7;0.36;0.32;10.05;0.045;37;131;0.99352;3.09;0.33;11.7;2
7;0.36;0.32;10.05;0.045;37;131;0.99352;3.09;0.33;11.7;2
7;0.36;0.32;10.5;0.045;35;135;0.9935;3.09;0.33;11.6;2
6.4;0.22;0.32;7.2;0.028;15;83;0.993;3.13;0.55;10.9;2
5.5;0.15;0.32;14;0.031;16;99;0.99437;3.26;0.38;11.5;2
6.4;0.22;0.32;7.2;0.028;15;83;0.993;3.13;0.55;10.9;2
6.6;0.29;0.31;3.9;0.027;39;96;0.99035;3.24;0.6;12.6;2
5.8;0.21;0.32;1.6;0.045;38;95;0.98946;3.23;0.94;12.4;2
5.2;0.285;0.29;5.15;0.035;64;138;0.9895;3.19;0.34;12.4;2
6.5;0.44;0.47;5.45;0.014;44;137;0.98984;3.13;0.32;13;2
5.2;0.155;0.33;1.6;0.028;13;59;0.98975;3.3;0.84;11.9;2
5.6;0.21;0.4;1.3;0.041;81;147;0.9901;3.22;0.95;11.6;2
5.2;0.155;0.33;1.6;0.028;13;59;0.98975;3.3;0.84;11.9;2
7;0.12;0.29;10.3;0.039;41;98;0.99564;3.19;0.38;9.8;2
7;0.12;0.29;10.3;0.039;41;98;0.99564;3.19;0.38;9.8;2
7;0.12;0.29;10.3;0.039;41;98;0.99564;3.19;0.38;9.8;2
4.9;0.33;0.31;1.2;0.016;39;150;0.98713;3.33;0.59;14;2
5.5;0.34;0.26;2.2;0.021;31;119;0.98919;3.55;0.49;13;2
6.5;0.35;0.36;0.8;0.034;32;111;0.98942;3.11;0.5;12.1;2
6.8;0.22;0.31;6.9;0.037;33;121;0.99176;3.02;0.39;11.9;2
7.1;0.47;0.29;14.8;0.024;22;142;0.99518;3.12;0.48;12;2
7.1;0.47;0.29;14.8;0.024;22;142;0.99518;3.12;0.48;12;2
6.8;0.28;0.43;7.6;0.03;30;110;0.99164;3.08;0.59;12.5;2
7;0.53;0.43;6.1;0.029;6;76;0.99118;3.08;0.5;12.5;2
6.8;0.28;0.43;7.6;0.03;30;110;0.99164;3.08;0.59;12.5;2
6.7;0.33;0.36;6.6;0.042;34;116;0.99123;2.97;0.31;12.2;2
6.7;0.33;0.34;7.5;0.036;39;124;0.99123;2.99;0.32;12.4;2
6.9;0.36;0.35;8.6;0.038;37;125;0.9916;3;0.32;12.4;2
7;0.17;0.36;6.4;0.055;42;123;0.99318;3.11;0.5;11;2
7.1;0.26;0.37;5.5;0.025;31;105;0.99082;3.06;0.33;12.6;2
5.3;0.3;0.16;4.2;0.029;37;100;0.9905;3.3;0.36;11.8;2
6.5;0.26;0.31;3.6;0.03;36;92;0.99026;3.22;0.62;12.6;2
6.6;0.23;0.3;4.6;0.06;29;154;0.99142;3.23;0.49;12.2;2
5.6;0.12;0.33;2.9;0.044;21;73;0.98896;3.17;0.32;12.9;2
5.6;0.12;0.33;2.9;0.044;21;73;0.98896;3.17;0.32;12.9;2
6.1;0.28;0.27;4.7;0.03;56;140;0.99042;3.16;0.42;12.5;2
6.1;0.28;0.27;4.7;0.03;56;140;0.99042;3.16;0.42;12.5;2
6.9;0.28;0.3;8.3;0.026;37;113;0.99139;2.99;0.38;12.3;2
6.3;0.29;0.28;4.7;0.059;28;81;0.99036;3.24;0.56;12.7;2
6.2;0.28;0.28;4.3;0.026;22;105;0.989;2.98;0.64;13.1;2
6.6;0.15;0.32;6;0.033;59;128;0.99192;3.19;0.71;12.1;2
6.6;0.15;0.32;6;0.033;59;128;0.99192;3.19;0.71;12.1;2
6.7;0.24;0.3;3.85;0.042;105;179;0.99189;3.04;0.59;11.3;2
6.6;0.16;0.36;1.1;0.031;27;93;0.98884;3.23;0.34;13.2;2
6.7;0.24;0.3;3.85;0.042;105;179;0.99189;3.04;0.59;11.3;2
6.5;0.3;0.27;4;0.038;37;97;0.99026;3.2;0.6;12.6;2
6.2;0.37;0.24;6.1;0.032;19;86;0.98934;3.04;0.26;13.4;2
6.5;0.3;0.27;4;0.038;37;97;0.99026;3.2;0.6;12.6;2
5.4;0.45;0.27;6.4;0.033;20;102;0.98944;3.22;0.27;13.4;2
6.2;0.37;0.24;6.1;0.032;19;86;0.98934;3.04;0.26;13.4;2
6.7;0.28;0.31;7.4;0.041;7;81;0.99254;3.04;0.47;11.4;2
5.7;0.15;0.47;11.4;0.035;49;128;0.99456;3.03;0.34;10.5;2
5.4;0.53;0.16;2.7;0.036;34;128;0.98856;3.2;0.53;13.2;2
5.8;0.32;0.28;4.3;0.032;46;115;0.98946;3.16;0.57;13;2
5;0.29;0.54;5.7;0.035;54;155;0.98976;3.27;0.34;12.9;2
5.4;0.53;0.16;2.7;0.036;34;128;0.98856;3.2;0.53;13.2;2
5.8;0.32;0.28;4.3;0.032;46;115;0.98946;3.16;0.57;13;2
7.3;0.41;0.29;1.8;0.032;26;74;0.98889;2.96;0.35;13;2
7;0.22;0.26;9.2;0.027;37;122;0.99228;3.06;0.34;12.5;2
7;0.22;0.26;9.2;0.027;37;122;0.99228;3.06;0.34;12.5;2
5.4;0.46;0.15;2.1;0.026;29;130;0.98953;3.39;0.77;13.4;2
5.4;0.46;0.15;2.1;0.026;29;130;0.98953;3.39;0.77;13.4;2
6.9;0.22;0.28;7.8;0.05;43;116;0.99326;3.22;0.6;11.5;2
6.6;0.5;0.26;11.3;0.029;32;110;0.99302;3.27;0.78;12.9;2
6.5;0.33;0.24;14.5;0.048;20;96;0.99456;3.06;0.3;11.5;2
6.5;0.43;0.31;3.6;0.046;19;143;0.99022;3.15;0.34;12;2
6.3;0.17;0.32;1;0.04;39;118;0.98886;3.31;0.4;13.1;2
7.1;0.45;0.24;2.7;0.04;24;87;0.98862;2.94;0.38;13.4;2
7.3;0.19;0.27;13.9;0.057;45;155;0.99807;2.94;0.41;8.8;2
7.3;0.19;0.27;13.9;0.057;45;155;0.99807;2.94;0.41;8.8;2
7.3;0.19;0.27;13.9;0.057;45;155;0.99807;2.94;0.41;8.8;2
7.3;0.19;0.27;13.9;0.057;45;155;0.99807;2.94;0.41;8.8;2
7.3;0.19;0.27;13.9;0.057;45;155;0.99807;2.94;0.41;8.8;2
7.3;0.19;0.27;13.9;0.057;45;155;0.99807;2.94;0.41;8.8;2
7.3;0.19;0.27;13.9;0.057;45;155;0.99807;2.94;0.41;8.8;2
6.8;0.24;0.29;2;0.044;15;96;0.99232;3.23;0.64;10.4;2
7.3;0.19;0.27;13.9;0.057;45;155;0.99807;2.94;0.41;8.8;2
5.2;0.3;0.34;1.5;0.038;18;96;0.98942;3.56;0.48;13;2
6.4;0.32;0.25;5;0.055;28;138;0.99171;3.27;0.5;12.4;2
4.4;0.32;0.39;4.3;0.03;31;127;0.98904;3.46;0.36;12.8;2
3.9;0.225;0.4;4.2;0.03;29;118;0.989;3.57;0.36;12.8;2
5.8;0.28;0.34;2.2;0.037;24;125;0.98986;3.36;0.33;12.8;2
9.1;0.27;0.45;10.6;0.035;28;124;0.997;3.2;0.46;10.4;2
6.6;0.36;0.29;1.6;0.021;24;85;0.98965;3.41;0.61;12.4;2
7.4;0.24;0.36;2;0.031;27;139;0.99055;3.28;0.48;12.5;2
6.9;0.36;0.34;4.2;0.018;57;119;0.9898;3.28;0.36;12.7;2
7.1;0.26;0.49;2.2;0.032;31;113;0.9903;3.37;0.42;12.9;2
6.6;0.16;0.34;1.1;0.037;41;115;0.9899;3.01;0.68;12;1
8.2;0.3;0.44;12.4;0.043;52;154;0.99452;3.04;0.33;12;1
5.7;0.15;0.28;3.7;0.045;57;151;0.9913;3.22;0.27;11.2;1
5.7;0.2;0.3;2.5;0.046;38;125;0.99276;3.34;0.5;9.9;1
6.8;0.27;0.37;8.2;0.055;52;192;0.99586;3.11;0.52;9.5;1
6.8;0.27;0.42;7.3;0.054;58;200;0.99556;3.12;0.49;9.4;1
6.7;0.13;0.57;6.6;0.056;60;150;0.99548;2.96;0.43;9.4;1
6.8;0.21;0.37;7;0.038;27;107;0.99206;2.98;0.82;11.5;1
6.2;0.2;0.29;11.8;0.035;21;93;0.99364;3.18;0.34;11.9;1
6.6;0.25;0.34;3;0.054;22;141;0.99338;3.26;0.47;10.4;1
5.7;0.15;0.28;3.7;0.045;57;151;0.9913;3.22;0.27;11.2;1
6.9;0.22;0.39;6;0.035;44;141;0.99123;3.11;0.33;12.5;1
6.4;0.16;0.42;1;0.036;29;113;0.9908;3.18;0.52;11;1
7;0.29;0.35;1.4;0.036;42;109;0.99119;3.31;0.62;11.6;1
6.8;0.22;0.41;6.7;0.034;39;116;0.99245;3.18;0.46;11.5;1
7.7;0.27;0.49;3.8;0.037;46;139;0.99116;3.04;0.38;11.6;1
6.7;0.13;0.45;4.2;0.043;52;131;0.99162;3.06;0.54;11.3;1
6.7;0.24;0.37;11.3;0.043;64;173;0.99632;3.08;0.53;9.9;1
7.4;0.19;0.31;14.5;0.045;39;193;0.9986;3.1;0.5;9.2;1
7.4;0.19;0.31;14.5;0.045;39;193;0.9986;3.1;0.5;9.2;1
7.4;0.19;0.31;14.5;0.045;39;193;0.9986;3.1;0.5;9.2;1
7.4;0.19;0.31;14.5;0.045;39;193;0.9986;3.1;0.5;9.2;1
7.4;0.19;0.31;14.5;0.045;39;193;0.9986;3.1;0.5;9.2;1
7.4;0.19;0.31;14.5;0.045;39;193;0.9986;3.1;0.5;9.2;1
5.9;0.24;0.12;1.4;0.035;60;247;0.99358;3.34;0.44;9.6;1
8.1;0.24;0.32;10.5;0.03;34;105;0.99407;3.11;0.42;11.8;1
5.8;0.23;0.2;2;0.043;39;154;0.99226;3.21;0.39;10.2;1
7.5;0.33;0.36;2.6;0.051;26;126;0.99097;3.32;0.53;12.7;1
7.4;0.16;0.32;1.4;0.065;23;140;0.99134;3.06;0.47;11.4;1
6.5;0.32;0.3;2.3;0.051;20;127;0.98964;3.13;0.52;12.8;1
6.6;0.2;0.14;4.4;0.184;35;168;0.99396;2.93;0.45;9.4;1
8;0.34;0.25;6.4;0.035;38;103;0.99148;2.91;0.23;12.2;1
6.6;0.2;0.14;4.4;0.184;35;168;0.99396;2.93;0.45;9.4;1
7.3;0.25;0.28;1.5;0.043;19;113;0.99338;3.38;0.56;10.1;1
6.3;0.24;0.35;2.3;0.039;43;109;0.99056;3.34;0.44;11.8;1
6.6;0.24;0.28;6.7;0.032;26;91;0.99172;3.13;0.32;12.3;1
6.4;0.35;0.28;12.6;0.039;19;124;0.99539;3.2;0.43;10.6;1
6.6;0.435;0.38;9.2;0.058;66;243;0.99833;3.23;0.54;9.1;1
5.8;0.18;0.37;1.1;0.036;31;96;0.98942;3.16;0.48;12;1
5.6;0.32;0.32;8.3;0.043;32;105;0.99266;3.24;0.47;11.2;1
6;0.26;0.33;4.35;0.04;15;80;0.98934;3.29;0.5;12.7;1
7.1;0.17;0.31;1.6;0.037;15;103;0.991;3.14;0.5;12;1
6.9;0.17;0.3;2;0.047;13;117;0.99152;3.16;0.51;11.6;1
6.7;0.21;0.34;1.4;0.049;36;112;0.99091;3.02;0.5;11;1
6.7;0.23;0.33;8.1;0.048;45;176;0.99472;3.11;0.52;10.1;1
6.8;0.23;0.32;8.6;0.046;47;159;0.99452;3.08;0.52;10.5;1
5.1;0.165;0.22;5.7;0.047;42;146;0.9934;3.18;0.55;9.9;1
6.6;0.425;0.25;2.35;0.034;23;87;0.99082;3.05;0.41;11.4;1
6.9;0.38;0.29;13.65;0.048;52;189;0.99784;3;0.6;9.5;1
6.9;0.38;0.29;13.65;0.048;52;189;0.99784;3;0.6;9.5;1
6.9;0.38;0.29;13.65;0.048;52;189;0.99784;3;0.6;9.5;1
7.2;0.27;0.28;15.2;0.046;6;41;0.99665;3.17;0.39;10.9;1
7.6;0.17;0.27;4.6;0.05;23;98;0.99422;3.08;0.47;9.5;1
6.2;0.3;0.31;1.2;0.048;19;125;0.98999;3.32;0.54;12.6;1
7.6;0.17;0.27;4.6;0.05;23;98;0.99422;3.08;0.47;9.5;1
6.9;0.38;0.29;13.65;0.048;52;189;0.99784;3;0.6;9.5;1
6.8;0.18;0.24;9.8;0.058;64;188;0.9952;3.13;0.51;10.6;1
6.7;0.18;0.24;10.3;0.057;64;185;0.99519;3.12;0.5;10.6;1
6.6;0.16;0.21;6.7;0.055;43;157;0.99384;3.15;0.52;10.8;1
7.2;0.27;0.28;15.2;0.046;6;41;0.99665;3.17;0.39;10.9;1
6.4;0.17;0.27;9.9;0.047;26;101;0.99596;3.34;0.5;9.9;1
7.2;0.22;0.28;7.2;0.06;41;132;0.9935;3.08;0.59;11.3;1
6;0.22;0.28;1.1;0.034;47;90;0.98862;3.22;0.38;12.6;1
6.7;0.36;0.28;8.3;0.034;29;81;0.99151;2.96;0.39;12.5;1
6.5;0.43;0.28;11.25;0.032;31;87;0.9922;3.02;0.38;12.4;1
5.3;0.32;0.23;9.65;0.026;26;119;0.99168;3.18;0.53;12.2;1
6.8;0.2;0.28;12.6;0.048;54;136;0.99556;3.19;0.37;10.7;1
6.7;0.36;0.28;8.3;0.034;29;81;0.99151;2.96;0.39;12.5;1
6.5;0.43;0.28;11.25;0.032;31;87;0.9922;3.02;0.38;12.4;1
6.4;0.17;0.27;9.9;0.047;26;101;0.99596;3.34;0.5;9.9;1
7.2;0.22;0.28;7.2;0.06;41;132;0.9935;3.08;0.59;11.3;1
6;0.22;0.28;1.1;0.034;47;90;0.98862;3.22;0.38;12.6;1
6;0.2;0.26;1.1;0.033;38;67;0.98954;3.14;0.38;11.5;1
6.2;0.3;0.21;1.1;0.032;31;111;0.9889;2.97;0.42;12.2;1
6;0.29;0.25;1.4;0.033;30;114;0.98794;3.08;0.43;13.2;1
6.6;0.18;0.28;1.7;0.041;53;161;0.99207;3.13;0.45;10.2;1
6;0.29;0.25;1.4;0.033;30;114;0.98794;3.08;0.43;13.2;1
6.2;0.3;0.21;1.1;0.032;31;111;0.9889;2.97;0.42;12.2;1
5.6;0.15;0.26;5.55;0.051;51;139;0.99336;3.47;0.5;11;1
7.8;0.22;0.26;9;0.047;38;132;0.997;3.25;0.53;10.2;1
6.6;0.18;0.28;1.7;0.041;53;161;0.99207;3.13;0.45;10.2;1
7;0.4;0.25;1.8;0.05;51;189;0.99174;3;0.55;11.4;1
6.4;0.22;0.32;4.9;0.046;50;156;0.99316;3.38;0.55;11.2;1
6.8;0.23;0.3;6.95;0.044;42;179;0.9946;3.25;0.56;10.6;1
6.4;0.32;0.31;1.9;0.037;34;126;0.99;3.06;0.45;11.8;1
8.8;0.39;0.35;1.8;0.096;22;80;0.99016;2.95;0.54;12.6;1
6.9;0.29;0.3;8.2;0.026;35;112;0.99144;3;0.37;12.3;1
6.7;0.38;0.26;9.55;0.036;35;91;0.9919;2.98;0.37;12.4;1
8;0.28;0.3;8.4;0.03;35;115;0.99192;2.93;0.42;12.3;1
7.4;0.29;0.28;10.2;0.032;43;138;0.9951;3.1;0.47;10.6;1
6.3;0.19;0.29;5.5;0.042;44;189;0.99304;3.19;0.47;10.3;1
5.6;0.32;0.33;7.4;0.037;25;95;0.99268;3.25;0.49;11.1;1
7.7;0.46;0.18;3.3;0.054;18;143;0.99392;3.12;0.51;10.8;1
7.7;0.46;0.18;3.3;0.054;18;143;0.99392;3.12;0.51;10.8;1
5.8;0.18;0.28;1.3;0.034;9;94;0.99092;3.21;0.52;11.2;1
5.8;0.15;0.32;1.2;0.037;14;119;0.99137;3.19;0.5;10.2;1
5.6;0.32;0.33;7.4;0.037;25;95;0.99268;3.25;0.49;11.1;1
7.1;0.32;0.3;9.9;0.041;63;192;0.99642;3.12;0.49;10.2;1
6;0.14;0.17;5.6;0.036;37;127;0.99373;3.05;0.57;9.8;1
6.8;0.24;0.29;9.5;0.042;56;157;0.99586;3.11;0.51;10.1;1
8.5;0.26;0.21;16.2;0.074;41;197;0.998;3.02;0.5;9.8;0
5.8;0.24;0.44;3.5;0.029;5;109;0.9913;3.53;0.43;11.7;0
9.1;0.59;0.38;1.6;0.066;34;182;0.9968;3.23;0.38;8.5;0
7.1;0.32;0.32;11;0.038;16;66;0.9937;3.24;0.4;11.5;0
6.9;0.39;0.4;4.6;0.022;5;19;0.9915;3.31;0.37;12.6;0
10.3;0.17;0.47;1.4;0.037;5;33;0.9939;2.89;0.28;9.6;0
7.9;0.64;0.46;10.6;0.244;33;227;0.9983;2.87;0.74;9.1;0
8.3;0.33;0.42;1.15;0.033;18;96;0.9911;3.2;0.32;12.4;0
8.6;0.55;0.35;15.55;0.057;35.5;366.5;1.0001;3.04;0.63;11;0
7.5;0.32;0.24;4.6;0.053;8;134;0.9958;3.14;0.5;9.1;0
6.7;0.25;0.26;1.55;0.041;118.5;216;0.9949;3.55;0.63;9.4;0
7.1;0.49;0.22;2;0.047;146.5;307.5;0.9924;3.24;0.37;11;0
11.8;0.23;0.38;11.1;0.034;15;123;0.9997;2.93;0.55;9.7;0
7.6;0.48;0.37;1.2;0.034;5;57;0.99256;3.05;0.54;10.4;0
6.1;0.2;0.34;9.5;0.041;38;201;0.995;3.14;0.44;10.1;0
4.2;0.215;0.23;5.1;0.041;64;157;0.99688;3.42;0.44;8;0
9.4;0.24;0.29;8.5;0.037;124;208;0.99395;2.9;0.38;11;0
6.2;0.23;0.35;0.7;0.051;24;111;0.9916;3.37;0.43;11;0
6.8;0.26;0.34;15.1;0.06;42;162;0.99705;3.24;0.52;10.5;0
6.1;0.26;0.25;2.9;0.047;289;440;0.99314;3.44;0.64;10.5;0
6.2;0.45;0.26;4.4;0.063;63;206;0.994;3.27;0.52;9.8;0
9.8;0.36;0.46;10.5;0.038;4;83;0.9956;2.89;0.3;10.1;0
5.5;0.485;0;1.5;0.065;8;103;0.994;3.63;0.4;9.7;0
6.4;0.595;0.14;5.2;0.058;15;97;0.9951;3.38;0.36;9;0
7.6;0.48;0.37;0.8;0.037;4;100;0.9902;3.03;0.39;11.4;0
7.2;0.32;0.47;5.1;0.044;19;65;0.991;3.03;0.41;12.6;0
6;0.67;0.07;1.2;0.06;9;108;0.9931;3.11;0.35;8.7;0
6.5;0.28;0.28;8.5;0.047;54;210;0.9962;3.09;0.54;8.9;0
5.8;0.28;0.35;2.3;0.053;36;114;0.9924;3.28;0.5;10.2;0
10.2;0.44;0.88;6.2;0.049;20;124;0.9968;2.99;0.51;9.9;0
6.8;0.64;0.08;9.7;0.062;26;142;0.9972;3.37;0.46;8.9;0
5.9;0.21;0.28;4.6;0.053;40;199;0.9964;3.72;0.7;10;0
5.8;0.36;0.38;0.9;0.037;3;75;0.9904;3.28;0.34;11.4;0
6.8;0.32;0.34;1.2;0.044;14;67;0.9919;3.05;0.47;10.6;0
6.8;0.44;0.37;5.1;0.047;46;201;0.9938;3.08;0.65;10.5;0
7.2;0.55;0.09;1.5;0.108;16;151;0.9938;3.07;0.57;9.2;0
7.2;0.4;0.62;10.8;0.041;70;189;0.9976;3.08;0.49;8.6;0
7.2;0.4;0.62;10.8;0.041;70;189;0.9976;3.08;0.49;8.6;0
7.2;0.31;0.46;5;0.04;3;29;0.9906;3.04;0.53;12.5;0
6.7;0.31;0.31;9.9;0.04;10;175;0.9953;3.46;0.55;11.4;0
7.6;0.56;0.12;10.4;0.096;22;177;0.9983;3.32;0.45;9.1;0
6.1;0.28;0.25;12.9;0.054;34;189;0.9979;3.25;0.43;9;0
6.5;0.33;0.72;1.1;0.061;7;151;0.993;3.09;0.57;9.5;0
6.8;0.29;0.16;1.4;0.038;122.5;234.5;0.9922;3.15;0.47;10;0
7;0.57;0.1;8.3;0.094;23;188;0.9972;3.4;0.47;9.2;0
6.8;0.67;0.3;13;0.29;22;193;0.9984;3.08;0.67;9;0
6.9;0.2;0.34;1.9;0.043;25;136;0.9935;3.31;0.6;10.1;0
6.6;0.38;0.18;1.2;0.042;20;84;0.9927;3.22;0.45;10.1;0
6;0.395;0;1.4;0.042;7;55;0.99135;3.37;0.38;11.2;0
7.4;0.17;0.4;5.5;0.037;34;161;0.9935;3.05;0.62;11.5;0
8.4;0.19;0.42;1.6;0.047;9;101;0.994;3.06;0.65;11.1;0
8.3;0.27;0.45;1.3;0.048;8;72;0.9944;3.08;0.61;10.3;0
8;0.23;0.37;9.6;0.054;23;159;0.99795;3.32;0.47;9.8;0
8;0.32;0.26;1.2;0.05;11.5;88;0.9946;3.24;0.37;9.5;0
6.8;0.705;0.25;3.2;0.048;10;57;0.996;3.36;0.52;9.5;0
8.2;0.26;0.44;1.3;0.046;7;69;0.9944;3.14;0.62;10.2;0
7;0.24;0.18;1.3;0.046;9;62;0.994;3.38;0.47;10.1;0
8;0.55;0.17;8.2;0.04;13;60;0.9956;3.09;0.3;9.5;0
6.3;0.6;0.44;11;0.05;50;245;0.9972;3.19;0.57;9.3;0
8.2;0.68;0.3;2.1;0.047;17;138;0.995;3.22;0.71;10.8;0
7.3;0.49;0.32;5.2;0.043;18;104;0.9952;3.24;0.45;10.7;0
9.4;0.29;0.55;2.2;0.05;17;119;0.9962;3.12;0.69;10.3;0
5.3;0.3;0.2;1.1;0.077;48;166;0.9944;3.3;0.54;8.7;0
9.2;0.22;0.4;2.4;0.054;18;151;0.9952;3.04;0.46;9.3;0
6.5;0.52;0.17;1.4;0.047;5;26;0.9932;3.26;0.32;10;0
6.1;0.6;0;1.3;0.042;24;79;0.9937;3.31;0.38;9.4;0
7.9;0.16;0.3;4.8;0.037;37;171;0.9967;3.47;0.44;9;0
7.6;0.33;0.36;2.1;0.034;26;172;0.9944;3.42;0.48;10.5;0
8;0.66;0.72;17.55;0.042;62;233;0.9999;2.92;0.68;9.4;0
6.9;0.39;0.22;4.3;0.03;10;102;0.993;3;0.87;11.6;0
6.9;0.41;0.22;4.2;0.031;10;102;0.993;3;0.86;11.6;0
9.2;0.35;0.39;0.9;0.042;15;61;0.9924;2.96;0.28;10.4;0
6.9;0.32;0.16;1.4;0.051;15;96;0.994;3.22;0.38;9.5;0
6.3;0.39;0.24;6.9;0.069;9;117;0.9942;3.15;0.35;10.2;0
9.2;0.28;0.49;11.8;0.042;29;137;0.998;3.1;0.34;10.1;0
9.8;0.25;0.74;10;0.056;36;225;0.9977;3.06;0.43;10;0
7;0.39;0.24;1;0.048;8;119;0.9923;3;0.31;10.1;0
6.9;0.25;0.24;3.6;0.057;13;85;0.9942;2.99;0.48;9.5;0
6.9;0.25;0.24;3.6;0.057;13;85;0.9942;2.99;0.48;9.5;0
7.1;0.53;0.24;0.8;0.029;29;86;0.993;3.16;0.32;9.1;0
6.2;0.43;0.49;6.4;0.045;12;115;0.9963;3.27;0.57;9;0
8.8;0.35;0.49;1;0.036;14;56;0.992;2.96;0.33;10.5;0
8.5;0.17;0.49;8.8;0.048;23;108;0.9947;2.88;0.34;10.5;0
7.1;0.64;0.49;1.8;0.05;17;128;0.9946;3.31;0.58;10.6;0
7.6;0.31;0.49;13.4;0.062;50;191;0.9989;3.22;0.53;9;0
6.9;0.26;0.49;1.6;0.058;39;166;0.9965;3.65;0.52;9.4;0
8.2;0.29;0.49;1;0.044;29;118;0.9928;3.24;0.36;10.9;0
8.1;0.28;0.46;15.4;0.059;32;177;1.0004;3.27;0.58;9;0
9;0.43;0.3;1.5;0.05;7;175;0.9951;3.11;0.45;9.7;0
6.5;0.27;0.19;4.2;0.046;6;114;0.9955;3.25;0.35;8.6;0
7;0.61;0.26;1.7;0.051;25;161;0.9946;3.36;0.6;10.6;0
9.3;0.2;0.33;1.7;0.05;28;178;0.9954;3.16;0.43;9;0
8.4;0.29;0.29;1.05;0.032;4;55;0.9908;2.91;0.32;11.4;0
6.1;0.32;0.37;1.8;0.051;13;200;0.9945;3.49;0.44;10.5;0
7.2;0.5;0;0.8;0.034;46;114;0.9932;3.19;0.34;9.2;0
10;0.91;0.42;1.6;0.056;34;181;0.9968;3.11;0.46;10;0
7.6;0.26;0.36;1.6;0.032;6;106;0.993;3.15;0.4;10.4;0
9.9;1.005;0.46;1.4;0.046;34;185;0.9966;3.02;0.49;10.2;0
6.4;0.43;0.27;1.1;0.054;5;110;0.9939;3.24;0.52;9.1;0
7.4;0.45;0.32;7.1;0.044;17;117;0.9962;3.32;0.41;10.4;0
6.8;0.2;0.27;1.2;0.034;19;68;0.9902;3.14;0.37;11.7;0
8;0.16;0.36;1.5;0.033;14;122;0.9941;3.2;0.39;10.3;0
9.8;0.93;0.45;8.6;0.052;34;187;0.9994;3.12;0.59;10.2;0
7.9;0.28;0.32;3.6;0.038;9;76;0.992;3.05;0.31;11.7;0
6.3;0.24;0.37;1.8;0.031;6;61;0.9897;3.3;0.34;12.2;0
7.6;0.23;0.26;15.3;0.067;32;166;0.9986;3.03;0.44;9.2;0
6.4;0.34;0.2;14.9;0.06;37;162;0.9983;3.13;0.45;9;0
6.4;0.34;0.2;14.9;0.06;37;162;0.9983;3.13;0.45;9;0
7.5;0.29;0.26;14.95;0.067;47;178;0.99838;3.04;0.49;9.2;0
7.5;0.26;0.59;11.8;0.046;58;164;0.99814;3.17;0.46;8.9;0
6.5;0.28;0.35;9.8;0.067;61;180;0.9972;3.15;0.57;9;0
7.7;0.28;0.63;11.1;0.039;58;179;0.9979;3.08;0.44;8.8;0
6;0.33;0.18;3;0.036;5;85;0.99125;3.28;0.4;11.5;0
6.4;0.27;0.19;2;0.084;21;191;0.99516;3.49;0.63;9.6;0
6.4;0.27;0.19;1.9;0.085;21;196;0.99516;3.49;0.64;9.5;0
6.9;0.3;0.29;1.3;0.053;24;189;0.99362;3.29;0.54;9.9;0
6.9;0.3;0.3;1.3;0.053;24;186;0.99361;3.29;0.54;9.9;0
7.6;0.21;0.35;1.2;0.041;7;106;0.9914;3.06;0.45;11.3;0
9.2;0.19;0.42;2;0.047;16;104;0.99517;3.09;0.66;10;0
9.2;0.16;0.49;2;0.044;18;107;0.99514;3.1;0.53;10.2;0
7.1;0.21;0.28;2.7;0.034;23;111;0.99405;3.35;0.64;10.2;0
6.3;0.38;0.17;8.8;0.08;50;212;0.99803;3.47;0.66;9.4;0
7.1;0.21;0.28;2.7;0.034;23;111;0.99405;3.35;0.64;10.2;0
6.2;0.38;0.18;7.4;0.095;28;195;0.99773;3.53;0.71;9.2;0
6.4;0.35;0.35;5.6;0.034;9;148;0.99441;3.17;0.5;9.8;0
7.6;0.31;0.23;12.7;0.054;20;139;0.99836;3.16;0.5;9.7;0
7.6;0.31;0.23;12.7;0.054;20;139;0.99836;3.16;0.5;9.7;0
8.6;0.34;0.36;1.4;0.045;11;119;0.99556;3.17;0.47;9.4;0
8.6;0.34;0.36;1.4;0.045;11;119;0.99556;3.17;0.47;9.4;0
6.7;0.54;0.27;7.1;0.049;8;178;0.99502;3.16;0.38;9.4;0
6.7;0.54;0.27;7.1;0.049;8;178;0.99502;3.16;0.38;9.4;0
7.2;0.615;0.1;1.4;0.068;25;154;0.99499;3.2;0.48;9.7;0
7.1;0.23;0.24;5.4;0.039;60;196;0.9948;3.19;0.78;10;0
6;0.11;0.47;10.6;0.052;69;148;0.9958;2.91;0.34;9.3;0
8.5;0.22;0.34;0.7;0.04;5;25;0.9918;3.04;0.37;10.5;0
7.4;0.28;0.4;11.9;0.032;13;92;0.99629;3.01;0.46;10.8;0
7.1;0.27;0.28;1.25;0.023;3;89;0.98993;2.95;0.3;11.4;0
6.8;0.27;0.29;4.6;0.046;6;88;0.99458;3.34;0.48;10.6;0
6.2;0.255;0.24;1.7;0.039;138.5;272;0.99452;3.53;0.53;9.6;0
7.3;0.28;0.42;1.2;0.033;29;142;0.99205;3.17;0.43;10.7;0
6.9;0.3;0.36;4.5;0.054;31;203;0.99513;3.4;0.57;10.4;0
8.5;0.2;0.4;1.1;0.046;31;106;0.99194;3;0.35;10.5;0
8.7;0.3;0.59;1.7;0.046;10;70;0.99373;3.06;0.56;10.8;0
6.5;0.29;0.25;2.5;0.142;8;111;0.9927;3;0.44;9.9;0
6.5;0.48;0.02;0.9;0.043;32;99;0.99226;3.14;0.47;9.8;0
6.7;0.64;0.3;1.2;0.03;18;76;0.9892;3.16;0.6;12.9;0
6.9;0.75;0.13;6.3;0.036;19;50;0.99312;3.09;0.25;11.1;0
7.5;0.34;0.24;3.85;0.031;5;34;0.99098;3.01;0.36;11.8;0
5.9;0.655;0;5.6;0.033;8;31;0.9936;3.32;0.51;10.5;0
6.7;0.22;0.22;1.2;0.038;5;124;0.99098;3.1;0.37;11.2;0
6.9;0.19;0.6;4;0.037;6;122;0.99255;2.92;0.59;10.4;0
6.1;0.6;0.12;1.8;0.05;11;76;0.99268;3.42;0.48;10.4;0
8.5;0.18;0.3;1.1;0.028;34;95;0.99272;2.83;0.36;10;0
6.5;0.32;0.48;8;0.026;18;88;0.99144;3.22;0.79;12.7;0
7.4;0.27;0.31;2.4;0.014;15;143;0.99094;3.03;0.65;12;0
7.3;0.36;0.54;13.3;0.054;63;193;0.99864;3.06;0.49;8.6;0
6.8;0.73;0.2;6.6;0.054;25;65;0.99324;3.12;0.28;11.1;0
4.8;0.65;0.12;1.1;0.013;4;10;0.99246;3.32;0.36;13.5;0
8.7;0.31;0.21;5.6;0.039;28;67;0.99328;2.96;0.52;11;0
7.3;0.38;0.23;6.5;0.05;18;102;0.99304;3.1;0.55;11.2;0
6.3;0.27;0.51;7.6;0.049;35;200;0.99548;3.16;0.54;9.4;0
6.3;0.27;0.51;7.6;0.049;35;200;0.99548;3.16;0.54;9.4;0
6.4;0.37;0.12;5.9;0.056;6;91;0.99536;3.06;0.46;8.4;0
6.1;1.1;0.16;4.4;0.033;8;109;0.99058;3.35;0.47;12.4;0
6.6;0.35;0.19;10.5;0.06;15;82;0.99588;3.13;0.38;9.9;0
6.6;0.31;0.37;6.2;0.052;13;164;0.99602;3.24;0.39;8.8;0
6.5;0.38;0.53;1.4;0.142;5;69;0.9926;3.14;0.52;10.1;0
6.1;0.38;0.14;3.9;0.06;27;113;0.99344;3.07;0.34;9.2;0
6.1;0.38;0.14;3.9;0.06;27;113;0.99344;3.07;0.34;9.2;0
5.3;0.43;0.11;1.1;0.029;6;51;0.99076;3.51;0.48;11.2;0
5.3;0.47;0.1;1.3;0.036;11;74;0.99082;3.48;0.54;11.2;0
5.6;0.18;0.29;2.3;0.04;5;47;0.99126;3.07;0.45;10.1;0
6.3;0.28;0.22;9.5;0.04;30;111;0.99338;3.05;0.31;10.8;0
5.8;0.28;0.18;1.2;0.058;7;108;0.99288;3.23;0.58;9.55;0
5.8;0.26;0.3;2.6;0.034;75;129;0.9902;3.2;0.38;11.5;0
6;0.615;0.04;0.8;0.032;8;50;0.99036;3.14;0.4;11;0
6.8;0.63;0.04;1.3;0.058;25;133;0.99271;3.17;0.39;10.2;0
6.8;0.63;0.04;1.3;0.058;25;133;0.99271;3.17;0.39;10.2;0
7.1;0.24;0.34;1.2;0.045;6;132;0.99132;3.16;0.46;11.2;0
6;0.59;0;0.8;0.037;30;95;0.99032;3.1;0.4;10.9;0
6;0.35;0.46;0.9;0.033;9;65;0.98934;3.24;0.35;12.1;0
5.2;0.405;0.15;1.45;0.038;10;44;0.99125;3.52;0.4;11.6;0
6.2;0.53;0.02;0.9;0.035;6;81;0.99234;3.24;0.35;9.5;0
8.1;0.27;0.41;1.45;0.033;11;63;0.9908;2.99;0.56;12;0
8.6;0.23;0.4;4.2;0.035;17;109;0.9947;3.14;0.53;9.7;0
7.9;0.18;0.37;1.2;0.04;16;75;0.992;3.18;0.63;10.8;0
8.3;0.42;0.62;19.25;0.04;41;172;1.0002;2.98;0.67;9.7;0
6.5;0.31;0.14;7.5;0.044;34;133;0.9955;3.22;0.5;9.5;0
7.6;0.67;0.14;1.5;0.074;25;168;0.9937;3.05;0.51;9.3;0
5.8;0.27;0.2;14.95;0.044;22;179;0.9962;3.37;0.37;10.2;0
7.3;0.28;0.43;1.7;0.08;21;123;0.9905;3.19;0.42;12.8;0
6.5;0.39;0.23;5.4;0.051;25;149;0.9934;3.24;0.35;10;0
7.3;0.24;0.39;17.95;0.057;45;149;0.9999;3.21;0.36;8.6;0
7.3;0.24;0.39;17.95;0.057;45;149;0.9999;3.21;0.36;8.6;0
6.2;0.46;0.25;4.4;0.066;62;207;0.9939;3.25;0.52;9.8;0
6.9;0.19;0.35;5;0.067;32;150;0.995;3.36;0.48;9.8;0
7;0.47;0.07;1.1;0.035;17;151;0.991;3.02;0.34;10.5;0
6.2;0.35;0.03;1.2;0.064;29;120;0.9934;3.22;0.54;9.1;0
6.7;0.25;0.13;1.2;0.041;81;174;0.992;3.14;0.42;9.8;0
7.4;0.24;0.29;10.1;0.05;21;105;0.9962;3.13;0.35;9.5;0
